URL,clicks
https://buddhistuniversity.net/exclusive_01/Illness%20As%20Metaphor%20-%20Susan%20Sontag.pdf,3052
https://buddhistuniversity.net/exclusive_01/Buddhist%20Pilgrimage%20(2009)%20-%20Chan%20Khoon%20San.pdf,462
https://buddhistuniversity.net/exclusive_01/Instructions%20to%20Insight%20meditation%20-%20Mahasi%20Sayadaw.pdf,364
https://buddhistuniversity.net/exclusive_01/Common%20Buddhist%20Text%20(2015-12-29).pdf,674
https://buddhistuniversity.net/exclusive_01/Three%20Sutras%20from%20the%20Samyukta%20Agama%20Regarding%20Emptiness%20-%20%C3%89tienne%20Lamotte.pdf,440
https://buddhistuniversity.net/exclusive_01/The%20Buddhist%20Conception%20of%20Truth%20-%20Jayatilleke.pdf,147
https://buddhistuniversity.net/exclusive_01/Remarks%20on%20the%20Third%20Precept%01_%20Adultery%20and%20Prostitution%20-%20Steven%20Collins.pdf,185
https://buddhistuniversity.net/exclusive_01/From%20Birch%20Bark%20to%20Digital%20Data%20(Preview).pdf,161
https://buddhistuniversity.net/exclusive_01/The%20Buddhist%20Caves%20at%20Aurangabad_%20The%20Impact%20of%20the%20Laity%20-%20Brancaccio.pdf,76
https://buddhistuniversity.net/exclusive_01/Studies%20in%20Vinaya%20Technical%20Terms%20-%20%C3%89dith%20Nolot.pdf,263
https://buddhistuniversity.net/exclusive_01/The%20Buddhist%20Conversion%20of%20the%20Nymphs%20of%20Heaven%20-%20Linda%20Covill.pdf,154
https://buddhistuniversity.net/exclusive_01/The%20Chinese%20Agamas%20vis-a-vis%20the%20Sarvastavada.pdf,99
https://buddhistuniversity.net/exclusive_01/M%C5%ABlasarv%C4%81stiv%C4%81din%20and%20Sarv%C4%81stiv%C4%81din_%20Oral%20Transmission%20Lineages%20of%20%C4%80gama%20Texts%20-%20An%C4%81layo.pdf,402
https://buddhistuniversity.net/exclusive_01/Path%20of%20the%20White%20Swans_%20Bhikkhuni%20Suvimalee.pdf,95
https://buddhistuniversity.net/exclusive_01/What%20Language%20Did%20the%20Buddha%20Speak%20-%20Piyasilo.pdf,357
https://buddhistuniversity.net/exclusive_01/The%20Buddhas%20Last%20Meal%20-%20John%20Ireland.pdf,70
https://buddhistuniversity.net/exclusive_01/Types%20of%20Vimutti%20-%20Lily%20DeSilva.pdf,178
https://buddhistuniversity.net/exclusive_01/Aggregates%20and%20Clinging%20Aggregates%20-%20Bhikkhu%20Bodhi.pdf,87
https://buddhistuniversity.net/exclusive_01/Encountering%20impermanence%2C%20making%20change%20-%20Julia%20Cassaniti.pdf,64
https://buddhistuniversity.net/exclusive_01/Ja%CC%84taka%20and%20Pan%CC%83n%CC%83a%CC%84sa-ja%CC%84taka%20in%20South-East%20Asia%20-%20Peter%20Skilling.pdf,22
https://buddhistuniversity.net/exclusive_01/Bad%20Karma%20of%20the%20Buddha%20-%20Guang%20Xing.pdf,164
https://buddhistuniversity.net/exclusive_01/Dhamma%20for%20the%20Asking%20-%20Ajahn%20Suchart%20Abhijato.pdf,17
https://buddhistuniversity.net/exclusive_01/Studies%20in%20the%20P%C4%81li%20Grammarians%20-%20Ole%20Holten%20Pind.pdf,215
https://buddhistuniversity.net/exclusive_01/The%20First%20Ten%20Items%20of%20the%20Da%C5%9Bottaras%C5%ABtra%20As%20cited%20in%20%C5%9Aamathadeva%E2%80%99s%20Abhidharmako%C5%9Ba-up%C4%81yik%C4%81-%E1%B9%AD%C4%ABk%C4%81%20-%20Peter%20Skilling.pdf,27
https://buddhistuniversity.net/exclusive_01/The%20Mystique%20of%20the%20Abhidhamma%20-%20Sujato.pdf,42
https://buddhistuniversity.net/exclusive_01/The%20Path%20of%20the%20Householder%20-%20Robert%20Bluck.pdf,84
https://buddhistuniversity.net/exclusive_01/Buddhist%20Chinese%20Primer%20Volume%203%20-%20John%20Kieschnick.pdf,102
https://buddhistuniversity.net/exclusive_01/The%20advent%20of%20Therav%C4%81da%20Buddhism%20to%20mainland%20south-east%20asia%20-%20Skilling.pdf,34
https://buddhistuniversity.net/exclusive_01/Sri%20Lanka%20and%20the%20Theravada%20Buddhist%20ecumene%20c.%20500%E2%80%931500.pdf,32
https://buddhistuniversity.net/exclusive_01/Anicca%20(1979)%20-%20Arvind%20Sharma.pdf,57
https://buddhistuniversity.net/exclusive_01/Debates%20on%20Time%20in%20the%20Kattavatthu%20-%20David%20Bastow.pdf,61
https://buddhistuniversity.net/exclusive_01/External%20sandhi%20in%20Pa%CC%84li%20-%20K%20R%20Norman.pdf,51
https://buddhistuniversity.net/exclusive_01/Parajika%20Precepts%20for%20Nuns%20-%20Ann%20Heirman.pdf,66
https://buddhistuniversity.net/exclusive_01/Scriptural%20Authenticity%20and%20the%20Sravaka%20Schools_An%20Essay%20towards%20an%20Indian%20Perspective%20-%20Peter%20Skilling.pdf,55
https://buddhistuniversity.net/exclusive_01/The%20Injunction%20to%20Hold%20Oneself%20-%20V%C3%A9lez%20de%20Cea.pdf,64
https://buddhistuniversity.net/exclusive_01/Nibb%C4%81na%20and%20Abhidhamma%20-%20L%20S%20Cousins.pdf,30
https://buddhistuniversity.net/exclusive_01/The%20Biography%20of%20Sakyamuni%20Buddha%20-%20Master%20Hsing%20Yun.pdf,82
https://buddhistuniversity.net/exclusive_01/The%20Buddha%E2%80%99s%20Truly%20Praiseworthy%20Qualities%20-%20Bhikkhu%20Analayo.pdf,33
https://buddhistuniversity.net/exclusive_01/The%20Buddhist%20Conception%20of%20the%20Universe%20-%20Jayatilleke.pdf,14
https://buddhistuniversity.net/exclusive_01/A%20List%20of%20Books%20Sent%20to%20Ceylon%20from%20Siam%20in%20the%2018th%20Century%20-%20Oskar%20von%20Hin%C3%BCber%20and%20Supaphan%20na%20Bangchang.pdf,33
https://buddhistuniversity.net/exclusive_01/Analytical%20Study%20of%20the%20Monks%E2%80%99%20p%C4%81cittiya%20%E6%B3%A2%E9%80%B8%E6%8F%90%20Rules.pdf,13
https://buddhistuniversity.net/exclusive_01/Atonement%20of%20P%C4%81r%C4%81jika%20Transgressions%20in%20Fifth-Century%20Chinese%20Buddhism.pdf,25
https://buddhistuniversity.net/exclusive_01/Buddhist%20Chinese%20Primer%20Volume%201%20-%20John%20Kieschnick.pdf,67
https://buddhistuniversity.net/exclusive_01/Citta%20in%20the%20Turfan%20Finds%20-%20Dietz.pdf,38
https://buddhistuniversity.net/exclusive_01/Fa-sheng%20Mindfulness%20-%20Leon%20Hurvitz.pdf,4
https://buddhistuniversity.net/exclusive_01/The%20Oldest%20Dated%20Manuscript%20of%20the%20Milindapanha%20-%20Oskar%20Von%20Hinuber.pdf,46
https://buddhistuniversity.net/exclusive_01/The%20citta%20of%20the%20Arahant%20is%20empty%20-%20Ajahn%20Maha%20Boowa.pdf,18
https://buddhistuniversity.net/exclusive_01/An%20Antinomian%20Allegory%20-%20Andrew%20Huxley.pdf,8
https://buddhistuniversity.net/exclusive_01/Caring%20for%20the%20social%20(in%20museums)%20-%20Haidy%20Geismar.pdf,29
https://buddhistuniversity.net/exclusive_01/Ksatra-dharma%20and%20Raja-dharma%20-%20Wijesekera.pdf,15
https://buddhistuniversity.net/exclusive_01/N%C4%81g%C4%81rjuna%E2%80%99s%20Scepticism%20about%20Philosophy.pdf,18
https://buddhistuniversity.net/exclusive_01/Notes%20on%20the%20Udana%20-%20John%20Ireland.pdf,3
https://buddhistuniversity.net/exclusive_01/Nuns%20Before%20Mahapajapati%20-%20Liz%20Williams.pdf,22
https://buddhistuniversity.net/exclusive_01/Synonyms%20for%20Nibb%C4%81na%20in%20Tibetan%20-%20Peter%20Skilling.pdf,32
https://buddhistuniversity.net/exclusive_01/The%20Buddhist%20Attitude%20to%20Revelation%20-%20Jayatilleke.pdf,9
https://buddhistuniversity.net/exclusive_01/The%20Solitary%2C%20Itinerant%20Renouncer%20in%20Ancient%20Indian%20G%C4%81th%C4%81-Poetry%20-%20Kristoffer%20af%20Edholm.pdf,22
https://buddhistuniversity.net/exclusive_01/A%20Composite%20EA%20Sutra%20-%20%C3%89tienne%20Lamotte.pdf,16
https://buddhistuniversity.net/exclusive_01/A%20Note%20on%20micch%C4%81di%E1%B9%AD%E1%B9%ADhi%20-%20P%20S%20Jaini.pdf,11
https://buddhistuniversity.net/exclusive_01/Bodhi%20and%20Arahattaphala_%20From%20Early%20Buddhism%20to%20Early%20Mah%C4%81y%C4%81na%20-%20Karel%20Werner.pdf,15
https://buddhistuniversity.net/exclusive_01/Buddhism%20%E2%80%95%20a%20Balancing%20Factor%20for%20Current%20World%20Developments%20-%20Dhammavamso.pdf,2
https://buddhistuniversity.net/exclusive_01/Buddhist%20Chinese%20Primer%20Volume%202%20-%20John%20Kieschnick.pdf,40
https://buddhistuniversity.net/exclusive_01/Case%20of%20the%20Missing%20Stupa%20-%20Richard%20Gombrich.pdf,12
https://buddhistuniversity.net/exclusive_01/Categories%20of%20Sutta%20-%20Joy%20Mann%C3%A9.pdf,44
https://buddhistuniversity.net/exclusive_01/Common%20Buddhist%20Text%20%282015-12-29%29.pdf,43
https://buddhistuniversity.net/exclusive_01/Did%20Huan-Tsang%20Meet%20the%20Followers%20of%20Devadatta%20-%20Paula%20G%20Tinti.pdf,7
https://buddhistuniversity.net/exclusive_01/On%20Science%20Religion%20and%20Culture%20-%20Yuttadhammo.pdf,19
https://buddhistuniversity.net/exclusive_01/On%20the%20Correspondence%20of%20Helmer%20Smith%20and%20Gunnar%20Jarring%20-%20Siegfried%20Lienhard.pdf,1
https://buddhistuniversity.net/exclusive_01/Once%20Upon%20a%20Present%20Time%20-%20Tim%20Lenz.pdf,25
https://buddhistuniversity.net/exclusive_01/Orality%2C%20writing%20and%20authority%20in%20South%20Asian%20Buddhism_%20Visionary%20Literature%20and%20the%20Struggle%20for%20Legitimacy%20in%20the%20Mah%C4%81y%C4%81na%20-%20David%20McMahan.pdf,7
https://buddhistuniversity.net/exclusive_01/Pre-Hinayanist%20Buddhism%20in%20the%20Pali%20-%20Fallick.pdf,8
https://buddhistuniversity.net/exclusive_01/Red%20Rust%2C%20Robbers%20and%20Rice%20Fields%20-%20Liz%20Williams.pdf,8
https://buddhistuniversity.net/exclusive_01/The%20Beginning%20of%20the%20Buddha's%20Teaching%20According%20to%20the%20EA%20-%20Andr%C3%A9%20Bareau.pdf,16
https://buddhistuniversity.net/exclusive_01/The%20Camera%20People%20-%20Eliot%20Weinberger.pdf,2
https://buddhistuniversity.net/exclusive_01/The%20End%20of%20the%20Buddha's%20Life%20According%20to%20the%20EA%20-%20Andr%C3%A9%20Bareau.pdf,27
https://buddhistuniversity.net/exclusive_01/The%20Sus%C4%ABma-sutta%20and%20the%20Wisdom-Liberated%20Arahant%20-%20Bhikkhu%20Bodhi.pdf,37
https://buddhistuniversity.net/exclusive_01/caveat%20lector%20-%20Margaret%20Cone.pdf,4
https://buddhistuniversity.net/smallepubs/anandajoti_2011_abhidhammamatika.epub,2
https://buddhistuniversity.net/smallepubs/buddhaghosa_1956_vsm.epub,2
https://buddhistuniversity.net/smallepubs/nyanamoli-bodhi_2018_mn-selections.epub,2
https://buddhistuniversity.net/smallepubs/glasenapp_1950_vedanta-and-buddhism.epub,1
https://buddhistuniversity.net/smallepubs/nidanakatha.epub,1
https://buddhistuniversity.net/smallepubs/patthana.paccayuddesaniddesa.epub,1
https://buddhistuniversity.net/smallpdfs/gunaratna_1971_rebirth-explained.pdf,16
https://buddhistuniversity.net/smallpdfs/allen-chris_2020_balance-of-personality.pdf,10
https://buddhistuniversity.net/smallpdfs/patel-moore_2017_seven-cheap-things-introduction.pdf,10
https://buddhistuniversity.net/smallpdfs/glasenapp_1950_vedanta-and-buddhism.pdf,9
https://buddhistuniversity.net/smallpdfs/toh94.pdf,7
https://buddhistuniversity.net/smallpdfs/mcnicholl-adeana_2020_generative-power-of-disgust.pdf,6
https://buddhistuniversity.net/smallpdfs/nyanaponika_1959_anatta-nibbana.pdf,6
https://buddhistuniversity.net/smallpdfs/wenz_1983_ecology-morality.pdf,6
https://buddhistuniversity.net/smallpdfs/dhammika_2022_footprints-in-the-dust.pdf,5
https://buddhistuniversity.net/smallpdfs/geoff_2015_buddhist-romanticism.pdf,5
https://buddhistuniversity.net/smallpdfs/guy-john_2014_lost-kingdoms-hindu-buddhist-sculpture.pdf,5
https://buddhistuniversity.net/smallpdfs/kroll-paul_2021_poetry-of-meng-haoran.pdf,5
https://buddhistuniversity.net/smallpdfs/narada-kassapa_1963_mirror-of-the-dhamma.pdf,5
https://buddhistuniversity.net/smallpdfs/punnadhammo_2018_buddhist-cosmos.pdf,5
https://buddhistuniversity.net/smallpdfs/steyerl-hito_2017_duty-free-art.pdf,5
https://buddhistuniversity.net/smallpdfs/dhammika_2020_mt-kailash.pdf,4
https://buddhistuniversity.net/smallpdfs/chang-gordon-c_2023_revolution-and-witchcraft.pdf,3
https://buddhistuniversity.net/smallpdfs/dhammika_1996_navel-of-the-earth.pdf,3
https://buddhistuniversity.net/smallpdfs/kishino-ryohji_2022_angry-monk-who-became-a-poisonous-snake.pdf,2
https://buddhistuniversity.net/smallpdfs/langri-tangpa_2016_four-sayings.pdf,2
https://buddhistuniversity.net/smallpdfs/suchart_2017_against-the-defilements.pdf,2
https://buddhistuniversity.net/smallpdfs/u-chan-htoon_1962_buddhism-and-the-age-of-science.pdf,2
https://buddhistuniversity.net/smallpdfs/angell-jane_2007_women-in-brown.pdf,1
https://buddhistuniversity.net/smallpdfs/buddhaghosa_1956_vsm.pdf,1
https://buddhistuniversity.net/smallpdfs/dhammika_2008_toilet.pdf,1
https://buddhistuniversity.net/smallpdfs/dhammika_2009_building-bridges.pdf,1
https://buddhistuniversity.net/smallpdfs/dhammika_2011_buddha-travels.pdf,1
https://buddhistuniversity.net/smallpdfs/dhammika_2015_buddha-you-never-knew.pdf,1
https://buddhistuniversity.net/smallpdfs/dhammika_2016_big-buddhas-of-bamiyan.pdf,1
https://buddhistuniversity.net/smallpdfs/dhammika_2020_erotica-in-the-pali-tipitaka.pdf,1
https://buddhistuniversity.net/smallpdfs/dhammika_2020_eye-transplant-and-pound-of-flesh.pdf,1
https://buddhistuniversity.net/smallpdfs/dhammika_2020_iyothee-tass.pdf,1
https://buddhistuniversity.net/smallpdfs/gangshat_2005_naturally-liberating-whatever.pdf,1
https://buddhistuniversity.net/smallpdfs/harvey_2013_buddhism-and-human-flourishing.pdf,1
https://buddhistuniversity.net/smallpdfs/harvey_2014_nature-of-the-ariya-magga.pdf,1
https://buddhistuniversity.net/smallpdfs/jayasaro_2008_beauty-of-sila.pdf,1
https://buddhistuniversity.net/smallpdfs/jayasaro_2017_stillness-flowing.pdf,1
https://buddhistuniversity.net/smallpdfs/karma-vibhanga.pdf,1
https://buddhistuniversity.net/smallpdfs/piyananda_2018_sharing-buddhism-in-the-west.pdf,1
https://buddhistuniversity.net/smallpdfs/stc_1993_chinese-liturgy.pdf,1
https://buddhistuniversity.net/smallpdfs/stein-zachary_2015_emancipatory-metatheory.pdf,1
https://buddhistuniversity.net/smallpdfs/sumedho_1994_the-four-noble-truths.pdf,1
https://buddhistuniversity.net/smallpdfs/tikhonov-vladimir_2001_social-darwinism-in-korea-and-its.pdf,1
https://smallpdfs.buddhistuniversity.net/dhammika_1990_encounters.pdf,1
https://smallpdfs.buddhistuniversity.net/t1586.pdf,1
https://buddhistuniversity.net/mediumfiles/levy_2014_psychology.pdf,6
https://buddhistuniversity.net/mediumfiles/kelly-jessica_2017_biology-of-aging.pdf,5
https://buddhistuniversity.net/mediumfiles/wen-fong_1975_summer-mountain-timeless-landscape.pdf,5
https://cfr-cdn.buddhistuniversity.net/ped.pdf,2
https://cfr-cdn.buddhistuniversity.net/mclean-john_2017_early-world-civilizations.pdf,1
https://buddhistuniversity.net/exclusive_01/Notes%20on%20P%C4%81li%20Canonic%20Style%20-%20A%20Syrkin.pdf,12
https://buddhistuniversity.net/exclusive_01/The%20Buddha%20and%20Metaphysics%20-%20Wijesekera.pdf,19
https://buddhistuniversity.net/exclusive_01/Zombies%20and%20Half-Zombies%20-%20Peter%20Skilling.pdf,16
https://buddhistuniversity.net/exclusive_01/Comments%20on%20the%20Anuruddha%20Sutta%20-%20John%20D%20Ireland.pdf,19
https://buddhistuniversity.net/exclusive_01/Kosambi%20-%20John%20Ireland.pdf,29
https://buddhistuniversity.net/exclusive_01/Mythology%20as%20Meditation%20-%20Rupert%20Gethin.pdf,25
https://buddhistuniversity.net/exclusive_01/Escape-to-Reality--Buddhist-Essays_wh045_Pereira.pdf,14
https://buddhistuniversity.net/exclusive_01/The%20Lion's%20Roar%20-%20Joy%20Manne%CC%81.pdf,7
https://buddhistuniversity.net/exclusive_01/The%20Science%20Delusion%20(article)%20-%20Curtis%20White.pdf,28
https://buddhistuniversity.net/patanjali-yoga-sutra/YogaSutra.pdf,23
https://buddhistuniversity.net/patanjali-yoga-sutra/chapters/1,21
https://buddhistuniversity.net/patanjali-yoga-sutra/chapters/2,19
https://buddhistuniversity.net/patanjali-yoga-sutra/chapters/3,10
https://buddhistuniversity.net/patanjali-yoga-sutra/chapters/4,10
https://buddhistuniversity.net/patanjali-yoga-sutra/about/,6
https://buddhistuniversity.net/patanjali-yoga-sutra/,5
https://buddhistuniversity.net/exclusive_01/The%20Meaning%20of%20the%20Word%20%22Tath%C4%81gata%22%20According%20to%20the%20P%C4%81li%20Commentaries%20-%20Bhikkhu%20Bodhi.pdf,19
https://buddhistuniversity.net/exclusive_01/On%20the%20Very%20Idea%20of%20the%20Pali%20Canon%20-%20Steven%20Collins.pdf,13
https://buddhistuniversity.net/exclusive_01/The%20Dharmacakramudra%20Variant%20at%20Ajanta%20-%20John%20C%20Huntington%20with%20Chaya%20Chandrasekhar.pdf,13
https://buddhistuniversity.net/exclusive_01/Sus%C4%ABma%E2%80%99s%20Conversation%20with%20the%20Buddha%20-%20Bhikkhu%20Bodhi.pdf,10
https://buddhistuniversity.net/exclusive_01/P%C4%81%E1%B9%83%C5%9Buk%C5%ABlika%20as%20a%20Standard%20Practice%20in%20the%20Vinaya.pdf,8
https://buddhistuniversity.net/exclusive_01/Note%20on%20Solitude%20-%20Malcolm%20Hudson.pdf,4
https://buddhistuniversity.net/exclusive_01/Arahant%20-%20Ireland.pdf,3
https://buddhistuniversity.net/exclusive_01/Brahmana-caranas%20-%20Wijesekera.pdf,3
https://buddhistuniversity.net/exclusive_01/Discoid%20Weapons%20in%20Ancient%20India%20-%20Wijesekera.pdf,3
https://buddhistuniversity.net/exclusive_01/The%20Lotus%20as%20a%20Symbol%20-%20Carl%20Olson.pdf,3
https://buddhistuniversity.net/exclusive_01/Abbreviation%20in%20P%C4%81li%20-%20Kate%20Crosby.pdf,2
https://buddhistuniversity.net/exclusive_01/Systems%20of%20Two%20Truths%20-%20Jones.pdf,2
https://buddhistuniversity.net/exclusive_01/The%20Weary%20Buddha%20-%20David%20Webster.pdf,2
https://buddhistuniversity.net/exclusive_01/Cultural%20Buddhism%20-%20Yuttadhammo.pdf,1
https://buddhistuniversity.net/exclusive_01/S%C4%81riputtas%20Three%20Works%20on%20the%20Samantap%C4%81s%C4%81dik%C4%81%20-%20Kate%20Crosby.pdf,1
https://buddhistuniversity.net/exclusive_01/Stupa%2C%20Sutra%2C%20and%20Sharira%20in%20China%20656-706%20-%20Barrett.pdf,1
